{
  "namedEntities": [
    {
      "id": "3d0966ce-4a37-448e-b1c2-2225c52d3467",
      "displayName": "Ethical Saver",
      "createdTime": "2021-11-21T17:11:35.5615065Z",
      "updatedTime": "2021-11-21T17:11:35.5615065Z",
      "createdUserId": "6de61f4e-e1b6-4f8c-b6da-0f8f281c8ce3",
      "updatedUserId": "6de61f4e-e1b6-4f8c-b6da-0f8f281c8ce3"
    },
    {
      "id": "2eca526e-83e0-4efb-afef-ba1f53a73bdf",
      "displayName": "Green Investor",
      "createdTime": "2021-11-21T17:11:35.5615065Z",
      "updatedTime": "2021-11-21T17:11:35.5615065Z",
      "createdUserId": "6de61f4e-e1b6-4f8c-b6da-0f8f281c8ce3",
      "updatedUserId": "6de61f4e-e1b6-4f8c-b6da-0f8f281c8ce3"
    },
    {
      "id": "ac455129-0991-48ab-b014-63b37a2fb5f1",
      "displayName": "Sustainable Mortgage",
      "createdTime": "2021-11-21T17:11:35.5615065Z",
      "updatedTime": "2021-11-21T17:11:35.5615065Z",
      "createdUserId": "6de61f4e-e1b6-4f8c-b6da-0f8f281c8ce3",
      "updatedUserId": "6de61f4e-e1b6-4f8c-b6da-0f8f281c8ce3"
    },
    {
      "id": "c49619f4-deba-41c6-914c-31762f1fa4c2",
      "displayName": "Everyday Account",
      "createdTime": "2021-11-21T17:11:35.5615065Z",
      "updatedTime": "2021-11-21T17:11:35.5615065Z",
      "createdUserId": "6de61f4e-e1b6-4f8c-b6da-0f8f281c8ce3",
      "updatedUserId": "6de61f4e-e1b6-4f8c-b6da-0f8f281c8ce3"
    }
  ],
  "closedListTypes": [
    {
      "namedEntities": [
        "3d0966ce-4a37-448e-b1c2-2225c52d3467",
        "2eca526e-83e0-4efb-afef-ba1f53a73bdf",
        "ac455129-0991-48ab-b014-63b37a2fb5f1",
        "c49619f4-deba-41c6-914c-31762f1fa4c2"
      ],
      "smartMatchingEnabled": true,
      "customTypeSchema": "ClosedList",
      "id": "new_customtype_b806602762104fbb920092b16d3155e6",
      "displayName": "Banking products",
      "description": "A list of our banking products",
      "createdTime": "2021-11-21T17:11:35.5615065Z",
      "updatedTime": "2021-11-21T17:11:35.5615065Z",
      "createdUserId": "6de61f4e-e1b6-4f8c-b6da-0f8f281c8ce3",
      "updatedUserId": "6de61f4e-e1b6-4f8c-b6da-0f8f281c8ce3"
    }
  ]
}