{
  "namedEntities": [
    {
      "synonyms": [
        "home"
      ],
      "id": "ff0ca6dd-de7a-4bee-b849-16210d63f3c5",
      "displayName": "Home User",
      "updatedTime": "2021-11-21T17:08:43.4446607Z",
      "updatedUserId": "6de61f4e-e1b6-4f8c-b6da-0f8f281c8ce3"
    },
    {
      "synonyms": [
        "gaming"
      ],
      "id": "2ccf421b-89a6-43a8-8b4f-b8d8f63b58bf",
      "displayName": "Gamer",
      "updatedTime": "2021-11-21T17:08:43.4446607Z",
      "updatedUserId": "6de61f4e-e1b6-4f8c-b6da-0f8f281c8ce3"
    },
    {
      "synonyms": [
        "business"
      ],
      "id": "2d32734c-9552-47c5-963b-563fe1d9ea7e",
      "displayName": "Business User",
      "updatedTime": "2021-11-21T17:08:43.4446607Z",
      "updatedUserId": "6de61f4e-e1b6-4f8c-b6da-0f8f281c8ce3"
    }
  ],
  "closedListTypes": [
    {
      "namedEntities": [
        "ff0ca6dd-de7a-4bee-b849-16210d63f3c5",
        "2ccf421b-89a6-43a8-8b4f-b8d8f63b58bf",
        "2d32734c-9552-47c5-963b-563fe1d9ea7e"
      ],
      "smartMatchingEnabled": true,
      "customTypeSchema": "ClosedList",
      "id": "new_customtype_e263a4e575e242daacc75c523071b31e_f86fcadfd497444e91ed11c12b059d10",
      "displayName": "Usage Type",
      "description": "Lesson 4 Usage Type Entity",
      "createdTime": "2019-10-25T14:03:43.9601778Z",
      "updatedTime": "2021-11-21T17:08:43.4446607Z",
      "createdUserId": "user0",
      "updatedUserId": "6de61f4e-e1b6-4f8c-b6da-0f8f281c8ce3"
    }
  ]
}