<ImportExportXml version="9.2.21111.141" SolutionPackageVersion="9.2" languagecode="1033" generatedBy="CrmLive" xmlns:xsi="http://www.w3.org/2001/XMLSchema-instance">
  <SolutionManifest>
    <UniqueName>Bankd</UniqueName>
    <LocalizedNames>
      <LocalizedName description="Bankd" languagecode="1033" />
    </LocalizedNames>
    <Descriptions />
    <Version>1.0.0.1</Version>
    <Managed>1</Managed>
    <Publisher>
      <UniqueName>DefaultPublisherorg7b377dda</UniqueName>
      <LocalizedNames>
        <LocalizedName description="Default Publisher for org7b377dda" languagecode="1033" />
      </LocalizedNames>
      <Descriptions>
        <Description description="Default publisher for this organization" languagecode="1033" />
      </Descriptions>
      <EMailAddress xsi:nil="true"></EMailAddress>
      <SupportingWebsiteUrl xsi:nil="true"></SupportingWebsiteUrl>
      <CustomizationPrefix>new</CustomizationPrefix>
      <CustomizationOptionValuePrefix>10000</CustomizationOptionValuePrefix>
      <Addresses>
        <Address>
          <AddressNumber>1</AddressNumber>
          <AddressTypeCode xsi:nil="true"></AddressTypeCode>
          <City xsi:nil="true"></City>
          <County xsi:nil="true"></County>
          <Country xsi:nil="true"></Country>
          <Fax xsi:nil="true"></Fax>
          <FreightTermsCode xsi:nil="true"></FreightTermsCode>
          <ImportSequenceNumber xsi:nil="true"></ImportSequenceNumber>
          <Latitude xsi:nil="true"></Latitude>
          <Line1 xsi:nil="true"></Line1>
          <Line2 xsi:nil="true"></Line2>
          <Line3 xsi:nil="true"></Line3>
          <Longitude xsi:nil="true"></Longitude>
          <Name xsi:nil="true"></Name>
          <PostalCode xsi:nil="true"></PostalCode>
          <PostOfficeBox xsi:nil="true"></PostOfficeBox>
          <PrimaryContactName xsi:nil="true"></PrimaryContactName>
          <ShippingMethodCode xsi:nil="true"></ShippingMethodCode>
          <StateOrProvince xsi:nil="true"></StateOrProvince>
          <Telephone1 xsi:nil="true"></Telephone1>
          <Telephone2 xsi:nil="true"></Telephone2>
          <Telephone3 xsi:nil="true"></Telephone3>
          <TimeZoneRuleVersionNumber xsi:nil="true"></TimeZoneRuleVersionNumber>
          <UPSZone xsi:nil="true"></UPSZone>
          <UTCOffset xsi:nil="true"></UTCOffset>
          <UTCConversionTimeZoneCode xsi:nil="true"></UTCConversionTimeZoneCode>
        </Address>
        <Address>
          <AddressNumber>2</AddressNumber>
          <AddressTypeCode xsi:nil="true"></AddressTypeCode>
          <City xsi:nil="true"></City>
          <County xsi:nil="true"></County>
          <Country xsi:nil="true"></Country>
          <Fax xsi:nil="true"></Fax>
          <FreightTermsCode xsi:nil="true"></FreightTermsCode>
          <ImportSequenceNumber xsi:nil="true"></ImportSequenceNumber>
          <Latitude xsi:nil="true"></Latitude>
          <Line1 xsi:nil="true"></Line1>
          <Line2 xsi:nil="true"></Line2>
          <Line3 xsi:nil="true"></Line3>
          <Longitude xsi:nil="true"></Longitude>
          <Name xsi:nil="true"></Name>
          <PostalCode xsi:nil="true"></PostalCode>
          <PostOfficeBox xsi:nil="true"></PostOfficeBox>
          <PrimaryContactName xsi:nil="true"></PrimaryContactName>
          <ShippingMethodCode xsi:nil="true"></ShippingMethodCode>
          <StateOrProvince xsi:nil="true"></StateOrProvince>
          <Telephone1 xsi:nil="true"></Telephone1>
          <Telephone2 xsi:nil="true"></Telephone2>
          <Telephone3 xsi:nil="true"></Telephone3>
          <TimeZoneRuleVersionNumber xsi:nil="true"></TimeZoneRuleVersionNumber>
          <UPSZone xsi:nil="true"></UPSZone>
          <UTCOffset xsi:nil="true"></UTCOffset>
          <UTCConversionTimeZoneCode xsi:nil="true"></UTCConversionTimeZoneCode>
        </Address>
      </Addresses>
    </Publisher>
    <RootComponents>
      <RootComponent type="1" schemaName="contact" behavior="0" />
      <RootComponent type="20" id="{d58407f2-48d5-e711-a82c-000d3a37c848}" behavior="0" />
      <RootComponent type="20" behavior="0" parentId="{236750cd-45ae-4939-ab12-b24b920ced93}" />
      <RootComponent type="300" schemaName="new_bankd_52549" behavior="0" />
    </RootComponents>
    <MissingDependencies>
      <MissingDependency>
        <Required type="1" schemaName="adx_bpf_c2857b638fa7473d8e2f112c232cebd8" displayName="Change Password for Portals Contact" solution="MicrosoftIdentity (9.2.2103.1)">
          <package>CDSBasePortal (9.3.2109.20)</package>
        </Required>
        <Dependent type="1" schemaName="contact" displayName="Contact" />
      </MissingDependency>
      <MissingDependency>
        <Required type="1" schemaName="adx_externalidentity" displayName="External Identity" solution="MicrosoftIdentity (9.2.2103.1)">
          <package>CDSBasePortal (9.3.2109.20)</package>
        </Required>
        <Dependent type="1" schemaName="contact" displayName="Contact" />
      </MissingDependency>
      <MissingDependency>
        <Required type="1" schemaName="adx_invitation" displayName="Invitation" solution="MicrosoftPortalBase (9.2.2103.1)">
          <package>CDSBasePortal (9.3.2109.20)</package>
        </Required>
        <Dependent type="1" schemaName="contact" displayName="Contact" />
      </MissingDependency>
      <MissingDependency>
        <Required type="1" schemaName="adx_pagealert" displayName="Page Alert" solution="MicrosoftPortalBase (9.2.2103.1)">
          <package>CDSBasePortal (9.3.2109.20)</package>
        </Required>
        <Dependent type="1" schemaName="contact" displayName="Contact" />
      </MissingDependency>
      <MissingDependency>
        <Required type="1" schemaName="adx_pagenotification" displayName="Page Notification" solution="MicrosoftPortalBase (9.2.2103.1)">
          <package>CDSBasePortal (9.3.2109.20)</package>
        </Required>
        <Dependent type="1" schemaName="contact" displayName="Contact" />
      </MissingDependency>
      <MissingDependency>
        <Required type="1" schemaName="adx_pollsubmission" displayName="Poll Submission" solution="MicrosoftPortalBase (9.2.2103.1)">
          <package>CDSBasePortal (9.3.2109.20)</package>
        </Required>
        <Dependent type="1" schemaName="contact" displayName="Contact" />
      </MissingDependency>
      <MissingDependency>
        <Required type="1" schemaName="adx_portallanguage" displayName="Portal Language" solution="MicrosoftPortalBase (9.2.2103.1)">
          <package>CDSBasePortal (9.3.2109.20)</package>
        </Required>
        <Dependent type="10" schemaName="adx_portallanguage_contact" displayName="adx_portallanguage_contact" parentSchemaName="adx_portallanguage" parentDisplayName="Portal Language" />
      </MissingDependency>
      <MissingDependency>
        <Required type="1" schemaName="adx_webfilelog" displayName="Web File Log" solution="MicrosoftPortalBase (9.2.2103.1)">
          <package>CDSBasePortal (9.3.2109.20)</package>
        </Required>
        <Dependent type="1" schemaName="contact" displayName="Contact" />
      </MissingDependency>
      <MissingDependency>
        <Required type="1" schemaName="adx_webformsession" displayName="Advanced Form Session" solution="MicrosoftPortalWebForms (9.2.2108.0)">
          <package>CDSBasePortal (9.3.2109.20)</package>
        </Required>
        <Dependent type="1" schemaName="contact" displayName="Contact" />
      </MissingDependency>
      <MissingDependency>
        <Required type="1" schemaName="adx_webpage" displayName="Web Page" solution="MicrosoftPortalDependencies (9.2.2103.0)">
          <package>CDSBasePortal (9.3.2109.20)</package>
        </Required>
        <Dependent type="1" schemaName="contact" displayName="Contact" />
      </MissingDependency>
      <MissingDependency>
        <Required type="1" schemaName="adx_webpagehistory" displayName="Web Page History" solution="MicrosoftPortalBase (9.2.2103.1)">
          <package>CDSBasePortal (9.3.2109.20)</package>
        </Required>
        <Dependent type="1" schemaName="contact" displayName="Contact" />
      </MissingDependency>
      <MissingDependency>
        <Required type="1" schemaName="adx_webpagelog" displayName="Web Page Log" solution="MicrosoftPortalBase (9.2.2103.1)">
          <package>CDSBasePortal (9.3.2109.20)</package>
        </Required>
        <Dependent type="1" schemaName="contact" displayName="Contact" />
      </MissingDependency>
      <MissingDependency>
        <Required type="1" schemaName="sample_idea" displayName="Idea" solution="InnovationHub (0.0.0.1)" />
        <Dependent type="10" schemaName="sample_sample_idea_contact" displayName="sample_sample_idea_contact" parentSchemaName="sample_idea" parentDisplayName="Idea" />
      </MissingDependency>
      <MissingDependency>
        <Required type="10" schemaName="msa_contact_managingpartner" displayName="msa_contact_managingpartner" parentSchemaName="account" parentDisplayName="Account" solution="MicrosoftPortalDependencies (9.2.2103.0)">
          <package>CDSBasePortal (9.3.2109.20)</package>
        </Required>
        <Dependent type="2" schemaName="msa_managingpartneridname" parentSchemaName="contact" parentDisplayName="Contact" />
      </MissingDependency>
      <MissingDependency>
        <Required type="10" schemaName="msa_contact_managingpartner" displayName="msa_contact_managingpartner" parentSchemaName="account" parentDisplayName="Account" solution="MicrosoftPortalDependencies (9.2.2103.0)">
          <package>CDSBasePortal (9.3.2109.20)</package>
        </Required>
        <Dependent type="2" schemaName="msa_managingpartneridyominame" parentSchemaName="contact" parentDisplayName="Contact" />
      </MissingDependency>
      <MissingDependency>
        <Required type="10" schemaName="adx_portallanguage_contact" displayName="adx_portallanguage_contact" parentSchemaName="adx_portallanguage" parentDisplayName="Portal Language" solution="MicrosoftPortalBase (9.2.2103.1)">
          <package>CDSBasePortal (9.3.2109.20)</package>
        </Required>
        <Dependent type="10" schemaName="adx_portallanguage_contact" displayName="adx_portallanguage_contact" parentSchemaName="adx_portallanguage" parentDisplayName="Portal Language" />
      </MissingDependency>
      <MissingDependency>
        <Required type="10" schemaName="adx_portallanguage_contact" displayName="adx_portallanguage_contact" parentSchemaName="adx_portallanguage" parentDisplayName="Portal Language" solution="MicrosoftPortalBase (9.2.2103.1)">
          <package>CDSBasePortal (9.3.2109.20)</package>
        </Required>
        <Dependent type="2" schemaName="adx_preferredlanguageidname" parentSchemaName="contact" parentDisplayName="Contact" />
      </MissingDependency>
      <MissingDependency>
        <Required type="10" schemaName="sample_sample_idea_contact" displayName="sample_sample_idea_contact" parentSchemaName="sample_idea" parentDisplayName="Idea" solution="InnovationHub (0.0.0.1)" />
        <Dependent type="10" schemaName="sample_sample_idea_contact" displayName="sample_sample_idea_contact" parentSchemaName="sample_idea" parentDisplayName="Idea" />
      </MissingDependency>
      <MissingDependency>
        <Required type="10" schemaName="sample_sample_idea_contact" displayName="sample_sample_idea_contact" parentSchemaName="sample_idea" parentDisplayName="Idea" solution="InnovationHub (0.0.0.1)" />
        <Dependent type="2" schemaName="sample_contributorsidname" parentSchemaName="contact" parentDisplayName="Contact" />
      </MissingDependency>
      <MissingDependency>
        <Required type="2" schemaName="adx_name" displayName="Name" parentSchemaName="adx_portallanguage" parentDisplayName="Portal Language" solution="MicrosoftPortalBase (9.2.2103.1)">
          <package>CDSBasePortal (9.3.2109.20)</package>
        </Required>
        <Dependent type="10" schemaName="adx_portallanguage_contact" displayName="adx_portallanguage_contact" parentSchemaName="adx_portallanguage" parentDisplayName="Portal Language" />
      </MissingDependency>
      <MissingDependency>
        <Required type="2" schemaName="adx_portallanguageid" displayName="Portal Language" parentSchemaName="adx_portallanguage" parentDisplayName="Portal Language" solution="MicrosoftPortalBase (9.2.2103.1)">
          <package>CDSBasePortal (9.3.2109.20)</package>
        </Required>
        <Dependent type="10" schemaName="adx_portallanguage_contact" displayName="adx_portallanguage_contact" parentSchemaName="adx_portallanguage" parentDisplayName="Portal Language" />
      </MissingDependency>
      <MissingDependency>
        <Required type="2" schemaName="adx_preferredlanguageid" displayName="Preferred Language" parentSchemaName="contact" parentDisplayName="Contact" solution="MicrosoftPortalBase (9.2.2103.1)">
          <package>CDSBasePortal (9.3.2109.20)</package>
        </Required>
        <Dependent type="10" schemaName="adx_portallanguage_contact" displayName="adx_portallanguage_contact" parentSchemaName="adx_portallanguage" parentDisplayName="Portal Language" />
      </MissingDependency>
      <MissingDependency>
        <Required type="2" schemaName="msa_managingpartnerid" displayName="Managing Partner" parentSchemaName="contact" parentDisplayName="Contact" solution="MicrosoftPortalDependencies (9.2.2103.0)">
          <package>CDSBasePortal (9.3.2109.20)</package>
        </Required>
        <Dependent type="2" schemaName="parentcustomerid" displayName="Company Name" parentSchemaName="contact" parentDisplayName="Contact" />
      </MissingDependency>
      <MissingDependency>
        <Required type="2" schemaName="sample_contributorsid" displayName="Contributors" parentSchemaName="contact" parentDisplayName="Contact" solution="InnovationHub (0.0.0.1)" />
        <Dependent type="10" schemaName="sample_sample_idea_contact" displayName="sample_sample_idea_contact" parentSchemaName="sample_idea" parentDisplayName="Idea" />
      </MissingDependency>
      <MissingDependency>
        <Required type="2" schemaName="sample_ideaid" displayName="Idea" parentSchemaName="sample_idea" parentDisplayName="Idea" solution="InnovationHub (0.0.0.1)" />
        <Dependent type="10" schemaName="sample_sample_idea_contact" displayName="sample_sample_idea_contact" parentSchemaName="sample_idea" parentDisplayName="Idea" />
      </MissingDependency>
      <MissingDependency>
        <Required type="2" schemaName="sample_name" displayName="Name" parentSchemaName="sample_idea" parentDisplayName="Idea" solution="InnovationHub (0.0.0.1)" />
        <Dependent type="10" schemaName="sample_sample_idea_contact" displayName="sample_sample_idea_contact" parentSchemaName="sample_idea" parentDisplayName="Idea" />
      </MissingDependency>
      <MissingDependency>
        <Required type="20" displayName="Environment Maker" solution="SolutionComponentConfiguration (9.1.0.130)" id="{d58407f2-48d5-e711-a82c-000d3a37c848}" />
        <Dependent type="20" displayName="Environment Maker" id="{d58407f2-48d5-e711-a82c-000d3a37c848}" />
      </MissingDependency>
    </MissingDependencies>
  </SolutionManifest>
</ImportExportXml>